{
  "_generated": "Generated by SweetTooth, do not edit", 
  "description": "Substitute Alt-Tab with a window based switcher that does not group by application.\n\nThis extension is obsolete and unsupported since GNOME 3.32, see https://blogs.gnome.org/fmuellner/2018/10/11/the-future-of-alternatetab-and-why-you-need-not-worry/  for further details.", 
  "extension-id": "alternate-tab", 
  "gettext-domain": "gnome-shell-extensions", 
  "name": "AlternateTab", 
  "original-authors": [
    "jw@bargsten.org", 
    "thomas.bouffon@gmail.com"
  ], 
  "settings-schema": "org.gnome.shell.extensions.alternate-tab", 
  "shell-version": [
    "3.28"
  ], 
  "url": "https://gitlab.gnome.org/GNOME/gnome-shell-extensions", 
  "uuid": "alternate-tab@gnome-shell-extensions.gcampax.github.com", 
  "version": 38
}